year,file,member_count,national_rows,florida_rows,columns,encoding
2020,(zip),34,,,,
2020,accident,,35935,3097,81,cp1252
2020,vehicle,,54552,4845,201,utf-8
2020,person,,86396,7785,126,utf-8
2020,pbtype,,8166,936,45,cp1252
2020,parkwork,,1551,93,115,cp1252
2021,(zip),34,,,,
2021,accident,,39785,3453,80,utf-8
2021,vehicle,,61802,5485,201,utf-8
2021,person,,97511,8889,126,utf-8
2021,pbtype,,9140,1102,45,utf-8
2021,parkwork,,1772,121,115,utf-8
2022,(zip),34,,,,
2022,accident,,39422,3315,80,utf-8
2022,vehicle,,60765,5234,201,utf-8
2022,person,,96186,8592,126,utf-8
2022,pbtype,,9495,1100,45,utf-8
2022,parkwork,,1613,119,115,utf-8
2023,(zip),34,,,,
2023,accident,,37769,3163,80,utf-8
2023,vehicle,,58508,5019,203,utf-8
2023,person,,92768,8222,126,utf-8
2023,pbtype,,9239,1085,45,utf-8
2023,parkwork,,1530,113,115,utf-8
2024,(zip),34,,,,
2024,accident,,36297,2931,80,utf-8
2024,vehicle,,56011,4620,201,utf-8
2024,person,,88326,7645,126,utf-8
2024,pbtype,,8940,970,45,utf-8
2024,parkwork,,1526,121,115,utf-8
