file,column,present_in,absent_in
accident,DRUNK_DR,2020,2021 2022 2023 2024
vehicle,ACC_CONFIG,2023,2020 2021 2022 2024
vehicle,ACC_CONFIGNAME,2023,2020 2021 2022 2024
vehicle,UNDERIDE,2020,2021 2022 2023 2024
vehicle,UNDERIDENAME,2020,2021 2022 2023 2024
vehicle,UNDEROVERRIDE,2021 2022 2023 2024,2020
vehicle,UNDEROVERRIDENAME,2021 2022 2023 2024,2020
person,ALC_DET,2020 2021,2022 2023 2024
person,ALC_DETNAME,2020 2021,2022 2023 2024
person,DEVMOTOR,2022 2023 2024,2020 2021
person,DEVMOTORNAME,2022 2023 2024,2020 2021
person,DEVTYPE,2022 2023 2024,2020 2021
person,DEVTYPENAME,2022 2023 2024,2020 2021
person,DRUG_DET,2020 2021,2022 2023 2024
person,DRUG_DETNAME,2020 2021,2022 2023 2024
parkwork,PUNDERIDE,2020,2021 2022 2023 2024
parkwork,PUNDERIDENAME,2020,2021 2022 2023 2024
parkwork,PUNDEROVERRIDE,2021 2022 2023 2024,2020
parkwork,PUNDEROVERRIDENAME,2021 2022 2023 2024,2020
