year,check,n,count,kind
2020,accident: ST_CASE unique,3097,0,rule (should be 0)
2020,accident: exact duplicate rows,3097,0,rule (should be 0)
2020,"vehicle: (ST_CASE, VEH_NO) unique",4845,0,rule (should be 0)
2020,"person: (ST_CASE, VEH_NO, PER_NO) unique",7785,0,rule (should be 0)
2020,"pbtype: (ST_CASE, VEH_NO, PER_NO) unique",936,0,rule (should be 0)
2020,pbtype: exact duplicate rows,936,0,rule (should be 0)
2020,vehicle rows whose ST_CASE is not in accident,4845,0,rule (should be 0)
2020,person rows whose ST_CASE is not in accident,7785,0,rule (should be 0)
2020,pbtype rows whose ST_CASE is not in accident,936,0,rule (should be 0)
2020,pbtype rows with no matching person row,936,0,rule (should be 0)
2020,pedestrian fatalities with no pbtype row,695,0,count (descriptive)
2020,pbtype PBPTYPE disagrees with person PER_TYP,936,0,rule (should be 0)
2020,pedestrian fatalities: STR_VEH resolves to in-transport vehicle,695,695,count (descriptive)
2020,pedestrian fatalities: STR_VEH = 0 (not applicable),695,0,count (descriptive)
2020,pedestrian fatalities: STR_VEH resolves only to parked/working vehicle,695,0,count (descriptive)
2020,pedestrian fatalities: STR_VEH resolves to nothing,695,0,count (descriptive)
2020,accident.FATALS != count of INJ_SEV=4 person rows,3097,0,rule (should be 0)
2020,accident.PEDS != count of VEH_NO=0 person rows,3097,0,rule (should be 0)
2020,crashes with a pedestrian death but no in-transport vehicle row,689,0,rule (should be 0)
2021,accident: ST_CASE unique,3453,0,rule (should be 0)
2021,accident: exact duplicate rows,3453,0,rule (should be 0)
2021,"vehicle: (ST_CASE, VEH_NO) unique",5485,0,rule (should be 0)
2021,"person: (ST_CASE, VEH_NO, PER_NO) unique",8889,0,rule (should be 0)
2021,"pbtype: (ST_CASE, VEH_NO, PER_NO) unique",1102,0,rule (should be 0)
2021,pbtype: exact duplicate rows,1102,0,rule (should be 0)
2021,vehicle rows whose ST_CASE is not in accident,5485,0,rule (should be 0)
2021,person rows whose ST_CASE is not in accident,8889,0,rule (should be 0)
2021,pbtype rows whose ST_CASE is not in accident,1102,0,rule (should be 0)
2021,pbtype rows with no matching person row,1102,0,rule (should be 0)
2021,pedestrian fatalities with no pbtype row,819,0,count (descriptive)
2021,pbtype PBPTYPE disagrees with person PER_TYP,1102,0,rule (should be 0)
2021,pedestrian fatalities: STR_VEH resolves to in-transport vehicle,819,819,count (descriptive)
2021,pedestrian fatalities: STR_VEH = 0 (not applicable),819,0,count (descriptive)
2021,pedestrian fatalities: STR_VEH resolves only to parked/working vehicle,819,0,count (descriptive)
2021,pedestrian fatalities: STR_VEH resolves to nothing,819,0,count (descriptive)
2021,accident.FATALS != count of INJ_SEV=4 person rows,3453,0,rule (should be 0)
2021,accident.PEDS != count of VEH_NO=0 person rows,3453,0,rule (should be 0)
2021,crashes with a pedestrian death but no in-transport vehicle row,809,0,rule (should be 0)
2022,accident: ST_CASE unique,3315,0,rule (should be 0)
2022,accident: exact duplicate rows,3315,0,rule (should be 0)
2022,"vehicle: (ST_CASE, VEH_NO) unique",5234,0,rule (should be 0)
2022,"person: (ST_CASE, VEH_NO, PER_NO) unique",8592,0,rule (should be 0)
2022,"pbtype: (ST_CASE, VEH_NO, PER_NO) unique",1100,0,rule (should be 0)
2022,pbtype: exact duplicate rows,1100,0,rule (should be 0)
2022,vehicle rows whose ST_CASE is not in accident,5234,0,rule (should be 0)
2022,person rows whose ST_CASE is not in accident,8592,0,rule (should be 0)
2022,pbtype rows whose ST_CASE is not in accident,1100,0,rule (should be 0)
2022,pbtype rows with no matching person row,1100,0,rule (should be 0)
2022,pedestrian fatalities with no pbtype row,780,0,count (descriptive)
2022,pbtype PBPTYPE disagrees with person PER_TYP,1100,0,rule (should be 0)
2022,pedestrian fatalities: STR_VEH resolves to in-transport vehicle,780,780,count (descriptive)
2022,pedestrian fatalities: STR_VEH = 0 (not applicable),780,0,count (descriptive)
2022,pedestrian fatalities: STR_VEH resolves only to parked/working vehicle,780,0,count (descriptive)
2022,pedestrian fatalities: STR_VEH resolves to nothing,780,0,count (descriptive)
2022,accident.FATALS != count of INJ_SEV=4 person rows,3315,0,rule (should be 0)
2022,accident.PEDS != count of VEH_NO=0 person rows,3315,0,rule (should be 0)
2022,crashes with a pedestrian death but no in-transport vehicle row,768,0,rule (should be 0)
2023,accident: ST_CASE unique,3163,0,rule (should be 0)
2023,accident: exact duplicate rows,3163,0,rule (should be 0)
2023,"vehicle: (ST_CASE, VEH_NO) unique",5019,0,rule (should be 0)
2023,"person: (ST_CASE, VEH_NO, PER_NO) unique",8222,0,rule (should be 0)
2023,"pbtype: (ST_CASE, VEH_NO, PER_NO) unique",1085,0,rule (should be 0)
2023,pbtype: exact duplicate rows,1085,0,rule (should be 0)
2023,vehicle rows whose ST_CASE is not in accident,5019,0,rule (should be 0)
2023,person rows whose ST_CASE is not in accident,8222,0,rule (should be 0)
2023,pbtype rows whose ST_CASE is not in accident,1085,0,rule (should be 0)
2023,pbtype rows with no matching person row,1085,0,rule (should be 0)
2023,pedestrian fatalities with no pbtype row,774,0,count (descriptive)
2023,pbtype PBPTYPE disagrees with person PER_TYP,1085,0,rule (should be 0)
2023,pedestrian fatalities: STR_VEH resolves to in-transport vehicle,774,774,count (descriptive)
2023,pedestrian fatalities: STR_VEH = 0 (not applicable),774,0,count (descriptive)
2023,pedestrian fatalities: STR_VEH resolves only to parked/working vehicle,774,0,count (descriptive)
2023,pedestrian fatalities: STR_VEH resolves to nothing,774,0,count (descriptive)
2023,accident.FATALS != count of INJ_SEV=4 person rows,3163,0,rule (should be 0)
2023,accident.PEDS != count of VEH_NO=0 person rows,3163,0,rule (should be 0)
2023,crashes with a pedestrian death but no in-transport vehicle row,768,0,rule (should be 0)
2024,accident: ST_CASE unique,2931,0,rule (should be 0)
2024,accident: exact duplicate rows,2931,0,rule (should be 0)
2024,"vehicle: (ST_CASE, VEH_NO) unique",4620,0,rule (should be 0)
2024,"person: (ST_CASE, VEH_NO, PER_NO) unique",7645,0,rule (should be 0)
2024,"pbtype: (ST_CASE, VEH_NO, PER_NO) unique",970,0,rule (should be 0)
2024,pbtype: exact duplicate rows,970,0,rule (should be 0)
2024,vehicle rows whose ST_CASE is not in accident,4620,0,rule (should be 0)
2024,person rows whose ST_CASE is not in accident,7645,0,rule (should be 0)
2024,pbtype rows whose ST_CASE is not in accident,970,0,rule (should be 0)
2024,pbtype rows with no matching person row,970,0,rule (should be 0)
2024,pedestrian fatalities with no pbtype row,668,0,count (descriptive)
2024,pbtype PBPTYPE disagrees with person PER_TYP,970,0,rule (should be 0)
2024,pedestrian fatalities: STR_VEH resolves to in-transport vehicle,668,668,count (descriptive)
2024,pedestrian fatalities: STR_VEH = 0 (not applicable),668,0,count (descriptive)
2024,pedestrian fatalities: STR_VEH resolves only to parked/working vehicle,668,0,count (descriptive)
2024,pedestrian fatalities: STR_VEH resolves to nothing,668,0,count (descriptive)
2024,accident.FATALS != count of INJ_SEV=4 person rows,2931,0,rule (should be 0)
2024,accident.PEDS != count of VEH_NO=0 person rows,2931,0,rule (should be 0)
2024,crashes with a pedestrian death but no in-transport vehicle row,656,0,rule (should be 0)
