variable,code,present_in,absent_in
accident.RUR_URB,8,2023 2024,2020 2021 2022
accident.RUR_URB,9,2024,2020 2021 2022 2023
accident.FUNC_SYS,98,2022 2024,2020 2021 2023
accident.RELJCT2,7,2020 2022 2023 2024,2021
accident.RELJCT2,16,2020 2022 2023 2024,2021
accident.RELJCT2,17,2020,2021 2022 2023 2024
accident.RELJCT2,98,2021 2022 2023 2024,2020
accident.RELJCT2,99,2020 2021 2022 2024,2023
accident.LGT_COND,8,2020 2024,2021 2022 2023
accident.WEATHER,3,2022,2020 2021 2023 2024
accident.WEATHER,6,2024,2020 2021 2022 2023
accident.WEATHER,99,2022 2023 2024,2020 2021
vehicle.BODY_TYP,8,2022,2020 2021 2023 2024
vehicle.BODY_TYP,10,2021 2022,2020 2023 2024
vehicle.BODY_TYP,12,2021,2020 2022 2023 2024
vehicle.BODY_TYP,17,2021 2023,2020 2022 2024
vehicle.BODY_TYP,19,2022 2023 2024,2020 2021
vehicle.BODY_TYP,28,2021,2020 2022 2023 2024
vehicle.BODY_TYP,29,2023,2020 2021 2022 2024
vehicle.BODY_TYP,39,2022 2023 2024,2020 2021
vehicle.BODY_TYP,40,2020 2024,2021 2022 2023
vehicle.BODY_TYP,48,2021,2020 2022 2023 2024
vehicle.BODY_TYP,49,2020 2022,2021 2023 2024
vehicle.BODY_TYP,51,2020 2022 2023,2021 2024
vehicle.BODY_TYP,55,2021 2022 2023,2020 2024
vehicle.BODY_TYP,58,2021,2020 2022 2023 2024
vehicle.BODY_TYP,60,2020 2021 2022 2023,2024
vehicle.BODY_TYP,78,2020 2022 2023 2024,2021
vehicle.BODY_TYP,79,2023 2024,2020 2021 2022
vehicle.BODY_TYP,88,2021 2022 2023 2024,2020
vehicle.BODY_TYP,92,2020 2021 2022,2023 2024
vehicle.BODY_TYP,93,2021 2022,2020 2023 2024
vehicle.BODY_TYP,94,2021 2022 2023 2024,2020
vehicle.BODY_TYP,97,2022 2023,2020 2021 2024
vehicle.BODY_TYP,98,2020 2021 2022,2023 2024
pbtype.PBSWALK,9,2022 2023,2020 2021 2024
pbtype.PEDLOC,9,2021 2023 2024,2020 2022
pbtype.PEDPOS,7,2022,2020 2021 2023 2024
pbtype.PEDCTYPE,120,2022,2020 2021 2023 2024
pbtype.PEDCTYPE,160,2020 2022 2023 2024,2021
pbtype.PEDCTYPE,190,2020 2022 2023 2024,2021
pbtype.PEDCTYPE,211,2022 2023,2020 2021 2024
pbtype.PEDCTYPE,213,2020 2021 2023 2024,2022
pbtype.PEDCTYPE,219,2022,2020 2021 2023 2024
pbtype.PEDCTYPE,240,2020,2021 2022 2023 2024
pbtype.PEDCTYPE,312,2021 2023,2020 2022 2024
pbtype.PEDCTYPE,342,2020 2021 2024,2022 2023
pbtype.PEDCTYPE,461,2020 2021 2023 2024,2022
pbtype.PEDCTYPE,465,2021 2023 2024,2020 2022
pbtype.PEDCTYPE,469,2020 2021 2022 2023,2024
pbtype.PEDCTYPE,510,2022 2023,2020 2021 2024
pbtype.PEDCTYPE,520,2020 2021 2023 2024,2022
pbtype.PEDCTYPE,730,2022,2020 2021 2023 2024
pbtype.PEDCTYPE,742,2022 2023 2024,2020 2021
pbtype.PEDCTYPE,792,2021 2023 2024,2020 2022
pbtype.PEDCTYPE,794,2023 2024,2020 2021 2022
pbtype.PEDCTYPE,795,2020 2021 2022 2024,2023
pbtype.PEDCTYPE,799,2022 2024,2020 2021 2023
pbtype.PEDCTYPE,830,2020 2021 2022,2023 2024
pbtype.PEDCTYPE,900,2021 2023 2024,2020 2022
pbtype.PEDCGP,720,2022,2020 2021 2023 2024
