source,data_year,measure,expected
FARS,2020,accident_fl_rows,3097
FARS,2020,vehicle_fl_rows,4845
FARS,2020,person_fl_rows,7785
FARS,2020,pbtype_fl_rows,936
FARS,2020,ped_fatalities,695
FARS,2020,crashes_with_ped_fatality,689
FARS,2021,accident_fl_rows,3453
FARS,2021,vehicle_fl_rows,5485
FARS,2021,person_fl_rows,8889
FARS,2021,pbtype_fl_rows,1102
FARS,2021,ped_fatalities,819
FARS,2021,crashes_with_ped_fatality,809
FARS,2022,accident_fl_rows,3315
FARS,2022,vehicle_fl_rows,5234
FARS,2022,person_fl_rows,8592
FARS,2022,pbtype_fl_rows,1100
FARS,2022,ped_fatalities,780
FARS,2022,crashes_with_ped_fatality,768
FARS,2023,accident_fl_rows,3163
FARS,2023,vehicle_fl_rows,5019
FARS,2023,person_fl_rows,8222
FARS,2023,pbtype_fl_rows,1085
FARS,2023,ped_fatalities,774
FARS,2023,crashes_with_ped_fatality,768
FARS,2024,accident_fl_rows,2931
FARS,2024,vehicle_fl_rows,4620
FARS,2024,person_fl_rows,7645
FARS,2024,pbtype_fl_rows,970
FARS,2024,ped_fatalities,668
FARS,2024,crashes_with_ped_fatality,656
CENSUS_POPEST,,fl_county_rows,67
