county_fips,year,population,vintage
9,2020,606000,2025
9,2021,616000,2025
9,2022,627000,2025
9,2023,636000,2025
9,2024,645000,2025
31,2020,996000,2025
31,2021,1004000,2025
31,2022,1016000,2025
31,2023,1030000,2025
31,2024,1040000,2025
57,2020,1460000,2025
57,2021,1478000,2025
57,2022,1513000,2025
57,2023,1543000,2025
57,2024,1570000,2025
67,2020,8226,2025
67,2021,8300,2025
67,2022,8350,2025
67,2023,8400,2025
67,2024,8450,2025
86,2020,2700000,2025
86,2021,2676000,2025
86,2022,2690000,2025
86,2023,2720000,2025
86,2024,2760000,2025
95,2020,1430000,2025
95,2021,1436000,2025
95,2022,1452000,2025
95,2023,1480000,2025
95,2024,1500000,2025
