table_name,column_name,definition,source,allowable_values,null_meaning,sensitivity
county,county_fips,County code. Primary key. FARS writes the same number in its COUNTY element.,"U.S. Census Bureau FIPS county codes (equal to the GSA codes FARS uses, in Florida).","The 67 Florida codes: odd numbers 1-133 except 25, plus 86 (Miami-Dade). CHECK 1-133; the seed script fixes the exact set.",Not allowed (NOT NULL).,Public. Published reference data; safe for the public repository.
county,name,County name without the word County.,U.S. Census Bureau.,67 distinct names; unique; no leading or trailing spaces.,Not allowed (NOT NULL).,Public. Published reference data; safe for the public repository.
county_population,county_fips,County the estimate belongs to. Part of the primary key; foreign key to county.,"Census county population totals, Vintage 2025: COUNTY.",A county_fips that exists in county.,Not allowed (NOT NULL).,Public. Published reference data; safe for the public repository.
county_population,year,Year of the July 1 estimate. Part of the primary key.,Census Vintage 2025: the year in POPESTIMATE2020 ... POPESTIMATE2024 (columns unpivoted to rows).,2020-2024.,Not allowed (NOT NULL).,Public. Published reference data; safe for the public repository.
county_population,population,Resident population on July 1 of that year. Denominator of every fatality rate.,Census Vintage 2025: POPESTIMATE<year>.,Whole number greater than 0.,Not allowed (NOT NULL).,Public. Published reference data; safe for the public repository.
county_population,vintage,"Census release the number came from (2025 = Vintage 2025). Census revises the whole series every year, so the release has to be on record.",Set by the pipeline from the file name (CO-EST2025-ALLDATA).,From the estimate year up to 2030; an estimate for year Y first appears in Vintage Y.,Not allowed (NOT NULL).,Public. Published reference data; safe for the public repository.
block_group,geoid10,Census block group identifier in 2010 geography: state (2 digits) + county (3) + tract (6) + block group (1). Primary key.,EPA Smart Location Database v3: GEOID10.,12 digits starting with 12 (Florida); stored as text so leading zeros survive.,Not allowed (NOT NULL).,Public. Published reference data; safe for the public repository.
block_group,county_fips,"County the block group lies in. Generated by the database from digits 3-5 of geoid10, so it cannot be typed in and cannot disagree with the GEOID. Foreign key to county.",Derived from geoid10.,A county_fips that exists in county.,Not allowed (NOT NULL; always computed).,Public. Published reference data; safe for the public repository.
block_group,natwalkind,"National Walkability Index: how much the built environment favors walking, from 1 (least) to 20 (most). Binned into EPA's four classes in v_ped_transactions.",EPA Smart Location Database v3: NatWalkInd.,1.00-20.00.,Not allowed (NOT NULL).,Public. Published reference data; safe for the public repository.
block_group,d3b,"Street intersection density: weighted intersections per square mile, with auto-oriented intersections left out.",EPA Smart Location Database v3: D3B.,0 or more.,EPA published no value for this block group.,Public. Published reference data; safe for the public repository.
block_group,d4a,"Distance from the population-weighted center of the block group to the nearest transit stop, in meters.",EPA Smart Location Database v3: D4A.,0 or more. EPA's filler -99999 is rejected by a CHECK.,"No transit stop within three-quarters of a mile (EPA writes -99999). It is not a distance, so it is stored as NULL and never averaged.",Public. Published reference data; safe for the public repository.
block_group,totpop,Population of the block group as shipped with the index (2018 American Community Survey).,EPA Smart Location Database v3: TotPop.,"Whole number, 0 or more.",Not allowed (NOT NULL).,Public. Published reference data; safe for the public repository.
code_lookup,variable,"FARS element the code belongs to, in lower case (for example lgt_cond). Part of the primary key.",FARS Analytical User's Manual.,"Lower-case text, not empty.",Not allowed (NOT NULL).,Public. Published reference data; safe for the public repository.
code_lookup,code,The numeric code as it appears in the FARS files. Part of the primary key.,FARS Analytical User's Manual.,Any code listed for that element.,Not allowed (NOT NULL).,Public. Published reference data; safe for the public repository.
code_lookup,year_from,First crash year in which the label is valid. Part of the primary key.,FARS Analytical User's Manual (code lists are given by year range).,2020-2024. Default 2020.,Not allowed (NOT NULL).,Public. Published reference data; safe for the public repository.
code_lookup,year_to,Last crash year in which the label is valid.,FARS Analytical User's Manual.,year_from-2024. Default 2024. An EXCLUDE constraint stops two labels for one code from overlapping in time.,Not allowed (NOT NULL).,Public. Published reference data; safe for the public repository.
code_lookup,label,"What the code means, in NHTSA's wording.",FARS Analytical User's Manual; Pedestrian Bicyclist Crash Typing Manual.,"Text, not empty.",Not allowed (NOT NULL).,Public. Published reference data; safe for the public repository.
code_lookup,is_unknown,True when the code means not reported or unknown. Lets one query measure missingness for any element.,Set by hand from the manual when the label is entered.,true / false. Default false.,Not allowed (NOT NULL).,Public. Published reference data; safe for the public repository.
pbcat_group,pedcgp,"Pedestrian crash group: the broad scenario (for example 750 = crossing roadway, vehicle not turning). Primary key.",FARS/CRSS Pedestrian Bicyclist Crash Typing Manual: PEDCGP.,The 16 pedestrian groups 100-990. Group 0 (not a pedestrian) is left out.,Not allowed (NOT NULL).,Public. Published reference data; safe for the public repository.
pbcat_group,label,Name of the crash group.,Pedestrian Bicyclist Crash Typing Manual.,Text; unique.,Not allowed (NOT NULL).,Public. Published reference data; safe for the public repository.
pbcat_type,pedctype,Pedestrian crash type: the detailed scenario (for example 760 = pedestrian failed to yield). Primary key.,Pedestrian Bicyclist Crash Typing Manual: PEDCTYPE.,The 55 pedestrian types 120-910. Type 0 (not a pedestrian) is left out.,Not allowed (NOT NULL).,Public. Published reference data; safe for the public repository.
pbcat_type,label,Name of the crash type.,Pedestrian Bicyclist Crash Typing Manual.,Text; unique.,Not allowed (NOT NULL).,Public. Published reference data; safe for the public repository.
pbcat_type,pedcgp,The one crash group this type belongs to. Foreign key to pbcat_group. This is why ped_crash_type stores the type only.,Pedestrian Bicyclist Crash Typing Manual (type-to-group table).,A pedcgp that exists in pbcat_group.,Not allowed (NOT NULL).,Public. Published reference data; safe for the public repository.
crash,year,"Crash year. With st_case it identifies the crash, because FARS starts its case numbers over every year.",FARS ACCIDENT file: YEAR.,2020-2024 (project scope).,Not allowed (NOT NULL).,Restricted. Case key: it points to the record of a real death. Stays in the local database.
crash,st_case,FARS case number: state code (12) followed by a four-digit sequence. Unique within one year only.,FARS ACCIDENT file: ST_CASE.,120001-129999. The range also enforces the Florida scope (STATE = 12).,Not allowed (NOT NULL).,Restricted. Case key: it points to the record of a real death. Stays in the local database.
crash,county,"County where the crash happened. Foreign key to county. Mandatory, so every death lands in a county rate.",FARS ACCIDENT file: COUNTY.,"A county_fips that exists in county. The FARS fillers 0, 997, 998, and 999 have no match and are rejected.",Not allowed (NOT NULL).,Restricted. Case-level value; only aggregates leave the local database.
crash,month,"Month of the crash. The day of the month is not loaded: the question does not need it, and leaving it out makes a row harder to match to a news report.",FARS ACCIDENT file: MONTH.,1-12.,Not allowed (NOT NULL).,"Restricted. Quasi-identifier: together with age, sex, and place it could single out a victim. Never published at case level."
crash,day_week,Day of the week.,FARS ACCIDENT file: DAY_WEEK.,1 = Sunday ... 7 = Saturday. FARS has no unknown code for this element after 2009.,Not allowed (NOT NULL).,"Restricted. Quasi-identifier: together with age, sex, and place it could single out a victim. Never published at case level."
crash,hour,Hour of the crash on the 24-hour clock. Binned into time of day in v_ped_transactions.,FARS ACCIDENT file: HOUR.,0-23; 99 = unknown.,Not allowed (NOT NULL).,"Restricted. Quasi-identifier: together with age, sex, and place it could single out a victim. Never published at case level."
crash,rur_urb,Rural or urban land use at the crash site. The analysis view keeps code 2 (urban).,FARS ACCIDENT file: RUR_URB.,1 rural; 2 urban; 6 trafficway not in state inventory; 8 not reported; 9 unknown.,Not allowed (NOT NULL).,Restricted. Case-level value; only aggregates leave the local database.
crash,func_sys,Functional class of the road: the road class in the project question. The analysis view drops 1-2 (interstates and other freeways).,FARS ACCIDENT file: FUNC_SYS.,1 interstate; 2 other freeway or expressway; 3 other principal arterial; 4 minor arterial; 5 major collector; 6 minor collector; 7 local; 96 not in state inventory; 98 not reported; 99 unknown.,Not allowed (NOT NULL).,Restricted. Case-level value; only aggregates leave the local database.
crash,reljct2,Where the crash happened relative to a junction (crash level). The pedestrian's own location is pedloc in ped_crash_type.,FARS ACCIDENT file: RELJCT2.,1 non-junction; 2 intersection; 3 intersection-related; 4 driveway access; 5 ramp-related; 6 railway crossing; 7 crossover-related; 8 driveway-access-related; 16 shared-use path crossing; 17 acceleration/deceleration lane; 18 through roadway; 19 other location in interchange; 20 entrance/exit ramp; 98 not reported; 99 unknown.,Not allowed (NOT NULL).,Restricted. Case-level value; only aggregates leave the local database.
crash,lgt_cond,Light condition: the lighting in the project question.,FARS ACCIDENT file: LGT_COND.,"1 daylight; 2 dark, not lighted; 3 dark, lighted; 4 dawn; 5 dusk; 6 dark, unknown lighting; 7 other; 8 not reported; 9 unknown.",Not allowed (NOT NULL).,Restricted. Case-level value; only aggregates leave the local database.
crash,weather,Prevailing atmospheric condition.,FARS ACCIDENT file: WEATHER.,"1 clear; 2 rain; 3 sleet or hail; 4 snow; 5 fog, smog, smoke; 6 severe crosswinds; 7 blowing sand or dirt; 8 other; 10 cloudy; 11 blowing snow; 12 freezing rain; 98 not reported; 99 unknown.",Not allowed (NOT NULL).,Restricted. Case-level value; only aggregates leave the local database.
crash,latitude,"Latitude of the crash in decimal degrees. Used once, for the block-group join, and never shown on a map as a point.",FARS ACCIDENT file: LATITUDE.,24.3-31.1 (Florida's bounding box). Must be filled together with longitud.,"FARS gave a filler instead of a position: 77.7777 not reported, 88.8888 not available, 99.9999 unknown. All three mean no usable point.","Restricted. Quasi-identifier: together with age, sex, and place it could single out a victim. Never published at case level."
crash,longitud,Longitude of the crash in decimal degrees (FARS spelling).,FARS ACCIDENT file: LONGITUD.,-87.7 to -79.8 (Florida's bounding box). Must be filled together with latitude.,"FARS gave a filler instead of a position: 777.7777, 888.8888, or 999.9999.","Restricted. Quasi-identifier: together with age, sex, and place it could single out a victim. Never published at case level."
crash,geoid10,Census block group the crash point falls in. Foreign key to block_group. Not a FARS field: the pipeline derives it with a point-in-polygon join in geopandas.,"Derived by the pipeline from latitude, longitud, and the EPA block-group polygons.",A geoid10 that exists in block_group. Allowed only when the coordinates are filled (CHECK).,"Not geocoded: the crash has no usable point, or the point falls outside every Florida block group. The death still counts in its county.","Restricted. Quasi-identifier: together with age, sex, and place it could single out a victim. Never published at case level."
crash,tway_id,"Name or route number of the road, as written by the police. Used for corridor labels after aggregation.",FARS ACCIDENT file: TWAY_ID.,"Free text, trimmed, not empty.",FARS left the trafficway identifier blank.,"Restricted. Quasi-identifier: together with age, sex, and place it could single out a victim. Never published at case level."
crash,fatals,"Number of people who died in the crash, all person types. Reconciliation only: it must be at least the number of pedestrian rows loaded for the crash.",FARS ACCIDENT file: FATALS.,1-99.,Not allowed (NOT NULL).,Restricted. Case-level value; only aggregates leave the local database.
crash,peds,"Number of people in the crash who were not in a motor vehicle (pedestrians, cyclists, and others, including survivors). Reconciliation only.",FARS ACCIDENT file: PEDS.,1-99.,Not allowed (NOT NULL).,Restricted. Case-level value; only aggregates leave the local database.
vehicle,year,Crash year. Part of the primary key and of the foreign key to crash.,FARS VEHICLE file: YEAR.,"2020-2024, through the foreign key.",Not allowed (NOT NULL).,Restricted. Case key: it points to the record of a real death. Stays in the local database.
vehicle,st_case,Case number of the crash the vehicle was in. Part of the primary key and of the foreign key to crash.,FARS VEHICLE file: ST_CASE.,"A (year, st_case) that exists in crash.",Not allowed (NOT NULL).,Restricted. Case key: it points to the record of a real death. Stays in the local database.
vehicle,veh_no,Number of the vehicle inside its crash. Part of the primary key. Only motor vehicles in transport are loaded.,FARS VEHICLE file: VEH_NO.,1-999. 0 is reserved for people outside vehicles.,Not allowed (NOT NULL).,Restricted. Case key: it points to the record of a real death. Stays in the local database.
vehicle,body_typ,Body type of the vehicle. Grouped into vehicle classes in v_ped_transactions.,FARS VEHICLE file: BODY_TYP.,"1-99 (NHTSA body type codes, not contiguous); 98 not reported; 99 unknown. Since 2020 pickups are 34; codes 30 and 31 are no longer used.",Not allowed (NOT NULL).,Restricted. Case-level value; only aggregates leave the local database.
vehicle,vspd_lim,"Posted speed limit, in mph, on the road this vehicle was traveling: the posted speed in the project question. FARS records it per vehicle, which is why it lives here and not in crash.",FARS VEHICLE file: VSPD_LIM.,0 = no statutory limit; 5-95 mph; 98 not reported; 99 unknown.,Not allowed (NOT NULL).,Restricted. Case-level value; only aggregates leave the local database.
vehicle,hit_run,Whether the vehicle left the scene.,FARS VEHICLE file: HIT_RUN.,0 no; 1 yes; 9 unknown.,Not allowed (NOT NULL).,Restricted. Case-level value; only aggregates leave the local database.
pedestrian,year,Crash year. Part of the primary key and of both foreign keys.,FARS PERSON file: YEAR.,"2020-2024, through the foreign key.",Not allowed (NOT NULL).,Restricted. Case key: it points to the record of a real death. Stays in the local database.
pedestrian,st_case,Case number of the crash the person died in. Part of the primary key and of both foreign keys.,FARS PERSON file: ST_CASE.,"A (year, st_case) that exists in crash.",Not allowed (NOT NULL).,Restricted. Case key: it points to the record of a real death. Stays in the local database.
pedestrian,veh_no,"Vehicle number of the person. Always 0, which is how FARS marks a person outside any vehicle. Kept in the key so the key matches the FARS person key.",FARS PERSON file: VEH_NO.,0 only.,Not allowed (NOT NULL).,Restricted. Case key: it points to the record of a real death. Stays in the local database.
pedestrian,per_no,Number of the person among the people outside vehicles in that crash. Part of the primary key.,FARS PERSON file: PER_NO.,1-999.,Not allowed (NOT NULL).,Restricted. Case key: it points to the record of a real death. Stays in the local database.
pedestrian,str_veh,"Number of the vehicle that struck the pedestrian. With year and st_case it is a foreign key to vehicle, so the striking vehicle is always a vehicle of the same crash.",FARS PERSON file: STR_VEH.,"1-999, and the vehicle must exist in the same crash. 0 is rejected.","No striking vehicle in this database: FARS coded 0, or the number names a vehicle that is not in the VEHICLE file. The death is kept; its speed-limit, vehicle-class, and hit-and-run items read unknown.",Restricted. Case-level value; only aggregates leave the local database.
pedestrian,per_typ,Person type. Kept as a guard on the scope: the CHECK accepts pedestrians only.,FARS PERSON file: PER_TYP.,5 (pedestrian) only.,Not allowed (NOT NULL).,Restricted. Case-level value; only aggregates leave the local database.
pedestrian,inj_sev,Injury severity. Kept as a guard on the scope: the CHECK accepts fatal injuries only.,FARS PERSON file: INJ_SEV.,4 (fatal injury) only.,Not allowed (NOT NULL).,Restricted. Case-level value; only aggregates leave the local database.
pedestrian,age,"Age in years. Used in four groups only (under 18, 18-34, 35-64, 65 or older).",FARS PERSON file: AGE.,0-120; 998 not reported; 999 unknown.,Not allowed (NOT NULL).,"Restricted. Quasi-identifier: together with age, sex, and place it could single out a victim. Never published at case level."
pedestrian,sex,Sex as recorded by the police.,FARS PERSON file: SEX.,1 male; 2 female; 8 not reported; 9 unknown. (NHTSA withdrew a code 3 from the 2022 file in 2025.),Not allowed (NOT NULL).,"Restricted. Quasi-identifier: together with age, sex, and place it could single out a victim. Never published at case level."
pedestrian,drinking,"Whether the police reported alcohol involvement for this person. Sensitive: used only to check that the roadway patterns also hold without these cases, never as a rule condition and never in a published table.",FARS PERSON file: DRINKING.,0 no; 1 yes; 8 not reported; 9 unknown.,Not allowed (NOT NULL).,"Restricted. Sensitive attribute about a victim. Used only as a stratifier inside the local database (proposal, section 10)."
ped_crash_type,year,Crash year. Part of the primary key and of the foreign key to pedestrian.,FARS PBTYPE file: YEAR.,"2020-2024, through the foreign key.",Not allowed (NOT NULL).,Restricted. Case key: it points to the record of a real death. Stays in the local database.
ped_crash_type,st_case,Case number. Part of the primary key and of the foreign key to pedestrian.,FARS PBTYPE file: ST_CASE.,A pedestrian key that exists in pedestrian.,Not allowed (NOT NULL).,Restricted. Case key: it points to the record of a real death. Stays in the local database.
ped_crash_type,veh_no,Always 0 (person outside a vehicle). Part of the primary key and of the foreign key to pedestrian.,FARS PBTYPE file: VEH_NO.,"0, through the foreign key.",Not allowed (NOT NULL).,Restricted. Case key: it points to the record of a real death. Stays in the local database.
ped_crash_type,per_no,"Person number. Part of the primary key and of the foreign key to pedestrian. Because the primary key equals the pedestrian key, one pedestrian has at most one typing record.",FARS PBTYPE file: PER_NO.,"1-999, through the foreign key.",Not allowed (NOT NULL).,Restricted. Case key: it points to the record of a real death. Stays in the local database.
ped_crash_type,pbcwalk,Whether a marked crosswalk was present at the crash site.,FARS PBTYPE file: PBCWALK.,0 none noted; 1 yes; 9 unknown.,Not allowed (NOT NULL).,Restricted. Case-level value; only aggregates leave the local database.
ped_crash_type,pbswalk,Whether a sidewalk was present at the crash site.,FARS PBTYPE file: PBSWALK.,0 none noted; 1 yes; 9 unknown.,Not allowed (NOT NULL).,Restricted. Case-level value; only aggregates leave the local database.
ped_crash_type,pedloc,Where the pedestrian was relative to an intersection: the crossing location in the project question.,FARS PBTYPE file: PEDLOC.,1 at intersection; 2 intersection-related; 3 not at intersection; 4 non-trafficway location; 9 unknown. Code 7 (not a pedestrian) is rejected.,Not allowed (NOT NULL).,Restricted. Case-level value; only aggregates leave the local database.
ped_crash_type,pedpos,Where the pedestrian was on or near the road when struck.,FARS PBTYPE file: PEDPOS.,"1 intersection area; 2 crosswalk area; 3 travel lane; 4 paved shoulder, bike lane, or parking lane; 5 sidewalk, shared-use path, or driveway access; 6 unpaved right-of-way; 7 non-trafficway driveway; 8 non-trafficway parking lot or other; 9 other or unknown. Code 77 (not a pedestrian) is rejected.",Not allowed (NOT NULL).,Restricted. Case-level value; only aggregates leave the local database.
ped_crash_type,pedctype,"Pedestrian crash type: what the pedestrian and the driver were doing. Foreign key to pbcat_type, which also gives the crash group.",FARS PBTYPE file: PEDCTYPE.,A pedctype that exists in pbcat_type (55 types). Code 0 (not a pedestrian) is rejected.,Not allowed (NOT NULL).,Restricted. Case-level value; only aggregates leave the local database.
etl_run,run_id,"Number of the pipeline run. Primary key, generated by the database.",Generated (identity column).,Positive whole number.,Not allowed (NOT NULL).,Internal. Pipeline bookkeeping; says nothing about a person.
etl_run,started_at,When the run started.,Pipeline clock.,Timestamp with time zone. Default: now.,Not allowed (NOT NULL).,Internal. Pipeline bookkeeping; says nothing about a person.
etl_run,finished_at,When the run ended.,Pipeline clock.,Not before started_at. Filled exactly when status is not running (CHECK).,The run is still going.,Internal. Pipeline bookkeeping; says nothing about a person.
etl_run,git_commit,"Git commit of the code that ran, so a load can be traced to the exact scripts.","git rev-parse HEAD, read by the pipeline.",7-40 lower-case hexadecimal characters.,The code was run outside a Git checkout.,Internal. Pipeline bookkeeping; says nothing about a person.
etl_run,status,Outcome of the run.,Set by the pipeline.,running; succeeded; failed. Default running.,Not allowed (NOT NULL).,Internal. Pipeline bookkeeping; says nothing about a person.
source_file,file_id,"Number of the manifest entry. Primary key, generated by the database.",Generated (identity column).,Positive whole number.,Not allowed (NOT NULL).,Internal. Pipeline bookkeeping; says nothing about a person.
source_file,run_id,Run that downloaded or read the file. Foreign key to etl_run.,Pipeline.,A run_id that exists in etl_run.,Not allowed (NOT NULL).,Internal. Pipeline bookkeeping; says nothing about a person.
source_file,source,Which of the three sources the file belongs to.,Pipeline.,FARS; EPA_SLD; CENSUS_POPEST.,Not allowed (NOT NULL).,Internal. Pipeline bookkeeping; says nothing about a person.
source_file,data_year,Crash year the file covers.,"Pipeline, from the file name.",2020-2024. Must be filled for FARS files and empty for the others (CHECK).,The file is not yearly (EPA and Census files).,Internal. Pipeline bookkeeping; says nothing about a person.
source_file,release,"Release of the file, for example Final, Annual Report File, v3.0, or Vintage 2025. The 2024 FARS file is an Annual Report File and will be replaced.",Publisher's download page.,Text.,Not allowed (NOT NULL).,Internal. Pipeline bookkeeping; says nothing about a person.
source_file,file_name,Name of the downloaded file.,Pipeline.,Text; unique within one run.,Not allowed (NOT NULL).,Internal. Pipeline bookkeeping; says nothing about a person.
source_file,url,Address the file was downloaded from.,Pipeline.,Must start with https://.,Not allowed (NOT NULL).,Internal. Pipeline bookkeeping; says nothing about a person.
source_file,sha256,SHA-256 checksum of the file as downloaded. Pins the exact version that was loaded.,Computed by the pipeline.,64 lower-case hexadecimal characters.,Not allowed (NOT NULL).,Internal. Pipeline bookkeeping; says nothing about a person.
source_file,retrieved_on,Date of the download.,Pipeline clock.,Date.,Not allowed (NOT NULL).,Internal. Pipeline bookkeeping; says nothing about a person.
etl_log,log_id,"Number of the log line. Primary key, generated by the database.",Generated (identity column).,Positive whole number.,Not allowed (NOT NULL).,Internal. Pipeline bookkeeping; says nothing about a person.
etl_log,run_id,Run the line belongs to. Foreign key to etl_run.,Pipeline.,A run_id that exists in etl_run.,Not allowed (NOT NULL).,Internal. Pipeline bookkeeping; says nothing about a person.
etl_log,step,"Name of the pipeline step, for example filter person file to Florida pedestrian fatalities.",Pipeline.,Text.,Not allowed (NOT NULL).,Internal. Pipeline bookkeeping; says nothing about a person.
etl_log,rows_in,Rows that entered the step.,Pipeline.,0 or more.,"The step does not process rows (a download, for example).",Internal. Pipeline bookkeeping; says nothing about a person.
etl_log,rows_out,Rows that left the step.,Pipeline.,0 or more.,The step does not process rows.,Internal. Pipeline bookkeeping; says nothing about a person.
etl_log,status,How the step ended.,Pipeline.,ok; warning; error.,Not allowed (NOT NULL).,Internal. Pipeline bookkeeping; says nothing about a person.
etl_log,message,Detail for a warning or an error.,Pipeline.,Free text.,Nothing to add.,Internal. Pipeline bookkeeping; says nothing about a person.
etl_log,logged_at,When the line was written.,Database clock.,Timestamp with time zone. Default: now.,Not allowed (NOT NULL).,Internal. Pipeline bookkeeping; says nothing about a person.
validation_result,result_id,"Number of the result. Primary key, generated by the database.",Generated (identity column).,Positive whole number.,Not allowed (NOT NULL).,Internal. Pipeline bookkeeping; says nothing about a person.
validation_result,run_id,Run the check belongs to. Foreign key to etl_run.,Pipeline.,A run_id that exists in etl_run.,Not allowed (NOT NULL).,Internal. Pipeline bookkeeping; says nothing about a person.
validation_result,check_name,"Name of the check, for example yearly count within 1% of NHTSA total. Unique within one run.",Pipeline (pandera checks and the v_dq_ views).,Text.,Not allowed (NOT NULL).,Internal. Pipeline bookkeeping; says nothing about a person.
validation_result,passed,Whether the check passed. A failed check stops the load.,Pipeline.,true / false.,Not allowed (NOT NULL).,Internal. Pipeline bookkeeping; says nothing about a person.
validation_result,detail,"Numbers behind the verdict, for example 15 of 15 links resolve.",Pipeline.,Free text.,Nothing to add.,Internal. Pipeline bookkeeping; says nothing about a person.
validation_result,checked_at,When the check ran.,Database clock.,Timestamp with time zone. Default: now.,Not allowed (NOT NULL).,Internal. Pipeline bookkeeping; says nothing about a person.
data_dictionary,table_name,Table or view the entry describes. Part of the primary key.,docs/data_dictionary.csv.,A table or view in this database (v_dq_undocumented_column reports any mismatch).,Not allowed (NOT NULL).,Public. Published reference data; safe for the public repository.
data_dictionary,column_name,Column the entry describes. Part of the primary key.,docs/data_dictionary.csv.,A column of that table or view.,Not allowed (NOT NULL).,Public. Published reference data; safe for the public repository.
data_dictionary,definition,What the column means and why it is here.,docs/data_dictionary.csv.,"Text, not empty.",Not allowed (NOT NULL).,Public. Published reference data; safe for the public repository.
data_dictionary,source,"Where the value comes from: source file and element, or how it is derived.",docs/data_dictionary.csv.,"Text, not empty.",Not allowed (NOT NULL).,Public. Published reference data; safe for the public repository.
data_dictionary,allowable_values,"The values the column accepts, in words; the constraints enforce them.",docs/data_dictionary.csv.,"Text, not empty.",Not allowed (NOT NULL).,Public. Published reference data; safe for the public repository.
data_dictionary,null_meaning,"What an empty value means, or that the column cannot be empty.",docs/data_dictionary.csv.,"Text, not empty.",Not allowed (NOT NULL).,Public. Published reference data; safe for the public repository.
data_dictionary,sensitivity,How the column may be shared.,docs/data_dictionary.csv.,"Starts with Public, Internal, or Restricted (CHECK).",Not allowed (NOT NULL).,Public. Published reference data; safe for the public repository.
v_ped_transactions,year,Crash year of the death.,pedestrian.year.,2020-2024.,Never empty.,Restricted. One row per death; readable by the ETL and analyst roles only.
v_ped_transactions,st_case,Case number of the death.,pedestrian.st_case.,120001-129999.,Never empty.,Restricted. One row per death; readable by the ETL and analyst roles only.
v_ped_transactions,per_no,Person number of the death.,pedestrian.per_no.,1-999.,Never empty.,Restricted. One row per death; readable by the ETL and analyst roles only.
v_ped_transactions,county_fips,County of the crash.,crash.county.,One of the 67 county codes.,Never empty.,Restricted. One row per death; readable by the ETL and analyst roles only.
v_ped_transactions,county_name,Name of that county.,county.name.,One of the 67 county names.,Never empty.,Restricted. One row per death; readable by the ETL and analyst roles only.
v_ped_transactions,road_class,Road class item.,"crash.func_sys: 3 -> principal arterial; 4 -> minor arterial; 5, 6 -> collector; 7 -> local road; 96, 98, 99 -> unknown. Codes 1-2 are filtered out.",principal arterial; minor arterial; collector; local road; unknown.,Never empty: a missing source value becomes the item unknown.,Restricted. One row per death; readable by the ETL and analyst roles only.
v_ped_transactions,speed_bin,"Posted speed limit item, from the striking vehicle.",vehicle.vspd_lim through pedestrian.str_veh.,"30 mph or less; 35-40 mph; 45-50 mph; 55 mph or more; no statutory limit; unknown (98, 99, or no striking-vehicle link).",Never empty: a missing source value becomes the item unknown.,Restricted. One row per death; readable by the ETL and analyst roles only.
v_ped_transactions,light,Lighting item.,"crash.lgt_cond: 1 -> daylight; 2 -> dark, not lighted; 3 -> dark, lighted; 4, 5 -> dawn or dusk; 6 -> dark, lighting unknown; 7, 8, 9 -> unknown.","daylight; dark, not lighted; dark, lighted; dawn or dusk; dark, lighting unknown; unknown.",Never empty: a missing source value becomes the item unknown.,Restricted. One row per death; readable by the ETL and analyst roles only.
v_ped_transactions,crossing_location,Crossing location item.,ped_crash_type.pedloc.,at intersection; intersection-related; not at intersection; non-trafficway; unknown (code 9 or no typing record).,Never empty: a missing source value becomes the item unknown.,Restricted. One row per death; readable by the ETL and analyst roles only.
v_ped_transactions,crosswalk,Marked crosswalk item.,ped_crash_type.pbcwalk.,marked crosswalk; no crosswalk noted; unknown.,Never empty: a missing source value becomes the item unknown.,Restricted. One row per death; readable by the ETL and analyst roles only.
v_ped_transactions,time_of_day,Time of day item.,crash.hour.,late night (0-5); morning (6-9); midday (10-15); evening (16-19); night (20-23); unknown (99).,Never empty: a missing source value becomes the item unknown.,Restricted. One row per death; readable by the ETL and analyst roles only.
v_ped_transactions,day_type,Weekday or weekend.,crash.day_week: 1 and 7 -> weekend.,weekday; weekend.,Never empty: a missing source value becomes the item unknown.,Restricted. One row per death; readable by the ETL and analyst roles only.
v_ped_transactions,junction,Junction item at crash level.,"crash.reljct2: 1 -> non-junction; 2 -> intersection; 3 -> intersection-related; 4, 8 -> driveway; 98, 99 -> unknown; the rest -> other junction type.",non-junction; intersection; intersection-related; driveway; other junction type; unknown.,Never empty: a missing source value becomes the item unknown.,Restricted. One row per death; readable by the ETL and analyst roles only.
v_ped_transactions,crash_group,PBCAT crash group of the death.,pbcat_group.label through ped_crash_type.pedctype and pbcat_type.,One of the 16 group labels; unknown when there is no typing record.,Never empty: a missing source value becomes the item unknown.,Restricted. One row per death; readable by the ETL and analyst roles only.
v_ped_transactions,vehicle_class,Class of the striking vehicle.,"vehicle.body_typ, grouped by code range.",passenger car; SUV; van; pickup; other light truck; bus; medium or heavy truck; motorcycle; other vehicle; unknown.,Never empty: a missing source value becomes the item unknown.,Restricted. One row per death; readable by the ETL and analyst roles only.
v_ped_transactions,hit_and_run,Whether the striking vehicle left the scene.,vehicle.hit_run.,hit-and-run; driver stayed; unknown.,Never empty: a missing source value becomes the item unknown.,Restricted. One row per death; readable by the ETL and analyst roles only.
v_ped_transactions,age_group,Age group of the pedestrian.,pedestrian.age.,"under 18; 18-34; 35-64; 65 or older; unknown (998, 999).",Never empty: a missing source value becomes the item unknown.,Restricted. One row per death; readable by the ETL and analyst roles only.
v_ped_transactions,walkability,EPA walkability class of the block group around the crash.,"block_group.natwalkind through crash.geoid10, cut at EPA's class limits 5.75, 10.5, and 15.25.",least walkable; below average; above average; most walkable; unknown (not geocoded).,Never empty: a missing source value becomes the item unknown.,Restricted. One row per death; readable by the ETL and analyst roles only.
v_ped_transactions,alcohol_stratum,Alcohol stratum. For the sensitivity check only; never a rule condition.,pedestrian.drinking.,"alcohol reported; no alcohol reported; unknown (8, 9).",Never empty: a missing source value becomes the item unknown.,Restricted. Sensitive attribute about a victim; stratifier only.
v_county_rate,county_fips,"County code. One row for each of the 67 counties, with or without deaths.",county.county_fips.,One of the 67 county codes.,Never empty.,"Public once aggregated. Counts only; carries no case key, coordinates, or person attributes."
v_county_rate,county_name,County name.,county.name.,One of the 67 county names.,Never empty.,"Public once aggregated. Counts only; carries no case key, coordinates, or person attributes."
v_county_rate,deaths_all,"Pedestrian deaths in the county, 2020-2024, all roads.",Count of pedestrian rows by crash.county.,0 or more.,Never empty.,"Public once aggregated. Counts only; carries no case key, coordinates, or person attributes."
v_county_rate,deaths_in_scope,"Deaths inside the analysis scope (urban, not interstate or freeway).",Same count with rur_urb = 2 and func_sys not 1-2.,0 or more; never more than deaths_all.,Never empty.,"Public once aggregated. Counts only; carries no case key, coordinates, or person attributes."
v_county_rate,person_years,Sum of the yearly population estimates: the rate denominator.,Sum of county_population.population.,Greater than 0.,No population estimate is loaded for the county (listed by v_dq_population_gap).,"Public once aggregated. Counts only; carries no case key, coordinates, or person attributes."
v_county_rate,years_with_population,How many of the five yearly estimates are loaded. Anything under 5 means the rate is overstated.,Count of county_population rows.,0-5.,Never empty.,"Public once aggregated. Counts only; carries no case key, coordinates, or person attributes."
v_county_rate,rate_per_100k_per_year,"Pedestrian deaths per 100,000 residents per year: 100000 x deaths_all / person_years.",Computed.,"0 or more, two decimals.",No population estimate is loaded for the county.,"Public once aggregated. Counts only; carries no case key, coordinates, or person attributes."
v_county_rate,unstable_rate,"True when the county has fewer than 20 deaths. The dashboard then shows the count and flags the rate (proposal, section 9).",Computed from deaths_all.,true / false.,Never empty.,"Public once aggregated. Counts only; carries no case key, coordinates, or person attributes."
v_dash_pattern_county,county_fips,County code.,v_ped_transactions.county_fips.,One of the 67 county codes.,Never empty.,"Public once aggregated. Counts only; carries no case key, coordinates, or person attributes."
v_dash_pattern_county,county_name,County name.,v_ped_transactions.county_name.,One of the 67 county names.,Never empty.,"Public once aggregated. Counts only; carries no case key, coordinates, or person attributes."
v_dash_pattern_county,road_class,Road class item.,v_ped_transactions.road_class.,Same values as in v_ped_transactions.,Never empty.,"Public once aggregated. Counts only; carries no case key, coordinates, or person attributes."
v_dash_pattern_county,speed_bin,Posted speed limit item.,v_ped_transactions.speed_bin.,Same values as in v_ped_transactions.,Never empty.,"Public once aggregated. Counts only; carries no case key, coordinates, or person attributes."
v_dash_pattern_county,light,Lighting item.,v_ped_transactions.light.,Same values as in v_ped_transactions.,Never empty.,"Public once aggregated. Counts only; carries no case key, coordinates, or person attributes."
v_dash_pattern_county,crossing_location,Crossing location item.,v_ped_transactions.crossing_location.,Same values as in v_ped_transactions.,Never empty.,"Public once aggregated. Counts only; carries no case key, coordinates, or person attributes."
v_dash_pattern_county,time_of_day,Time of day item.,v_ped_transactions.time_of_day.,Same values as in v_ped_transactions.,Never empty.,"Public once aggregated. Counts only; carries no case key, coordinates, or person attributes."
v_dash_pattern_county,deaths,Number of in-scope deaths in that county under that combination of the five items.,Count of v_ped_transactions rows.,1 or more.,Never empty.,"Public once aggregated. Counts only; carries no case key, coordinates, or person attributes."
